{"slot": [0.03969342418015003, 0.03961203502863646, 0.039546372197568416, 0.03952675511687994, 0.03950261101871729, 0.039411236353218554, 0.03906618092209101, 0.03863682419806719, 0.03795408247411251, 0.03738973382115364, 0.036283971667289736, 0.03540205652266741, 0.03474698955565691, 0.03400437987595797, 0.03330059838294983, 0.03305351670831442, 0.032293487869203094, 0.03182549670338631, 0.03155991500616074, 0.031105676762759684], "baseline": [0.03282767168805003, 0.02051478535681963, 0.020514453411102297, 0.02051440393552184, 0.02051439242810011, 0.020514387965202333, 0.02051438581570983, 0.020514384597539903, 0.020514383900910618, 0.020514383386820555, 0.020514382883906366, 0.020514382757246496, 0.02051438232511282, 0.020514382362365722, 0.02051438219845295, 0.020514382127672433, 0.020514382027089596, 0.02051438198238611, 0.020514381911605598, 0.020514381885528565]}